item_key,item_label,subject,input_tokens_thinking,input_tokens_no_thinking,visible_output_tokens_thinking,visible_output_tokens_no_thinking,reasoning_tokens_thinking,reasoning_tokens_no_thinking,total_tokens_thinking,total_tokens_no_thinking,delta_total_tokens,cost_usd_thinking,cost_usd_no_thinking,delta_cost_usd,elapsed_seconds_thinking,elapsed_seconds_no_thinking
analysis_3|2025|primoapp|E1,A3-25-P1-E1,analysis_3,613.0,534.0,2186.0,4214.0,29266.0,0.0,32065.0,4748.0,27317.0,0.008892380000000002,0.0012546800000000002,0.007637700000000002,295.895377,31.396095
analysis_3|2025|primoapp|E2,A3-25-P1-E2,analysis_3,606.0,527.0,2845.0,7504.0,16047.0,0.0,19498.0,8031.0,11467.0,0.0053746,0.0021749,0.0031997,156.037461,52.944758
analysis_3|2025|primoapp|E3,A3-25-P1-E3,analysis_3,691.0,612.0,3212.0,3671.0,32311.0,0.0,36214.0,4283.0,31931.0,0.01004318,0.0011135600000000002,0.008929620000000001,348.234917,30.193215
analysis_3|2025|quartoapp|E1,A3-25-P4-E1,analysis_3,715.0,636.0,3358.0,8193.0,26647.0,0.0,30720.0,8829.0,21891.0,0.008501500000000002,0.00238308,0.006118420000000002,260.880856,64.244402
analysis_3|2025|quartoapp|E2,A3-25-P4-E2,analysis_3,713.0,634.0,2999.0,13298.0,31207.0,0.0,34919.0,13932.0,20987.0,0.0096775,0.003812200000000001,0.0058652999999999995,324.77359,105.339632
analysis_3|2025|quartoapp|E3,A3-25-P4-E3,analysis_3,602.0,523.0,2249.0,3974.0,16039.0,0.0,18890.0,4497.0,14393.0,0.00520492,0.00118594,0.00401898,1789.728269,28.764392
analysis_3|2025|quintoapp|E1,A3-25-P5-E1,analysis_3,667.0,588.0,2206.0,3314.0,14520.0,0.0,17393.0,3902.0,13491.0,0.00477666,0.0010102400000000001,0.0037664200000000004,160.219837,25.648898
analysis_3|2025|quintoapp|E2,A3-25-P5-E2,analysis_3,752.0,673.0,2897.0,5924.0,15123.0,0.0,18772.0,6597.0,12175.0,0.005150880000000001,0.0017529400000000004,0.0033979400000000003,154.035463,43.050768
analysis_3|2025|quintoapp|E3,A3-25-P5-E3,analysis_3,673.0,594.0,2463.0,9464.0,21755.0,0.0,24891.0,10058.0,14833.0,0.006875260000000001,0.00273308,0.0041421800000000005,212.785739,67.185549
analysis_3|2025|secondoapp|E1,A3-25-P2-E1,analysis_3,637.0,558.0,2053.0,4928.0,21351.0,0.0,24041.0,5486.0,18555.0,0.006642300000000001,0.0014579600000000003,0.005184340000000001,217.385165,37.225387
analysis_3|2025|secondoapp|E2,A3-25-P2-E2,analysis_3,656.0,577.0,3091.0,16658.0,22326.0,0.0,26073.0,17235.0,8838.0,0.007208600000000002,0.004745020000000001,0.002463580000000001,207.423176,133.646223
analysis_3|2025|secondoapp|E3,A3-25-P2-E3,analysis_3,614.0,535.0,1821.0,3485.0,14944.0,0.0,17379.0,4020.0,13359.0,0.004780160000000001,0.0010507000000000001,0.0037294600000000013,163.488454,26.709902
analysis_3|2025|terzoapp|E1,A3-25-P3-E1,analysis_3,673.0,594.0,3542.0,8153.0,19677.0,0.0,23892.0,8747.0,15145.0,0.00659554,0.002366,0.00422954,219.954814,54.629283
analysis_3|2025|terzoapp|E2,A3-25-P3-E2,analysis_3,738.0,659.0,3217.0,48109.0,38522.0,0.0,42477.0,48768.0,-6291.0,0.011790240000000002,0.01356278,-0.0017725399999999978,368.437759,353.52502
analysis_3|2025|terzoapp|E3,A3-25-P3-E3,analysis_3,669.0,590.0,3103.0,5866.0,23946.0,0.0,27718.0,6456.0,21262.0,0.0076673800000000005,0.0017250800000000001,0.0059423,241.867096,46.033634
analysis_3|2026|primoapp_tema_a|E1,A3-26-P1A-E1,analysis_3,636.0,557.0,2287.0,5344.0,15095.0,0.0,18018.0,5901.0,12117.0,0.004956,0.0015743000000000003,0.0033817,162.816452,40.348964
analysis_3|2026|primoapp_tema_a|E2,A3-26-P1A-E2,analysis_3,697.0,618.0,2500.0,6991.0,18307.0,0.0,21504.0,7609.0,13895.0,0.005923540000000001,0.0020440000000000002,0.0038795400000000003,174.089857,53.356167
analysis_3|2026|primoapp_tema_a|E3,A3-26-P1A-E3,analysis_3,663.0,584.0,2626.0,8847.0,21073.0,0.0,24362.0,9431.0,14931.0,0.006728540000000001,0.0025589200000000006,0.004169620000000001,205.145585,67.173879
analysis_3|2026|primoapp_tema_b|E1,A3-26-P1B-E1,analysis_3,637.0,558.0,2602.0,4817.0,18746.0,0.0,21985.0,5375.0,16610.0,0.006066620000000001,0.0014268800000000004,0.004639740000000001,177.083854,35.683194
analysis_3|2026|primoapp_tema_b|E2,A3-26-P1B-E2,analysis_3,696.0,617.0,2644.0,6819.0,14677.0,0.0,18017.0,7436.0,10581.0,0.00494732,0.0019957,0.00295162,144.892589,47.633358
analysis_3|2026|primoapp_tema_b|E3,A3-26-P1B-E3,analysis_3,666.0,587.0,2660.0,8997.0,19569.0,0.0,22895.0,9584.0,13311.0,0.00631736,0.00260134,0.00371602,199.564602,62.200219
analysis_3|2026|quartoapp|E1,A3-26-P4-E1,analysis_3,663.0,584.0,2664.0,4689.0,14538.0,0.0,17865.0,5273.0,12592.0,0.0049093800000000005,0.00139468,0.003514700000000001,134.907307,36.048504
analysis_3|2026|quartoapp|E2,A3-26-P4-E2,analysis_3,743.0,664.0,2778.0,7592.0,21018.0,0.0,24539.0,8256.0,16283.0,0.006766900000000001,0.0022187200000000004,0.004548180000000001,197.433155,49.528176
analysis_3|2026|quartoapp|E3,A3-26-P4-E3,analysis_3,608.0,529.0,1705.0,2831.0,8677.0,0.0,10990.0,3360.0,7630.0,0.0029920800000000007,0.0008667400000000001,0.0021253400000000007,84.065188,21.833804
analysis_3|2026|secondoapp_tema_a|E1,A3-26-P2A-E1,analysis_3,647.0,568.0,2601.0,6121.0,25852.0,0.0,29100.0,6689.0,22411.0,0.008057420000000001,0.0017934000000000001,0.00626402,270.455457,43.698359
analysis_3|2026|secondoapp_tema_a|E2,A3-26-P2A-E2,analysis_3,705.0,626.0,3736.0,29318.0,36119.0,0.0,40560.0,29944.0,10616.0,0.011258100000000002,0.00829668,0.002961420000000001,333.218859,232.97942
analysis_3|2026|secondoapp_tema_a|E3,A3-26-P2A-E3,analysis_3,591.0,512.0,2087.0,3297.0,13093.0,0.0,15771.0,3809.0,11962.0,0.004333140000000001,0.00099484,0.0033383000000000006,107.988586,21.281642
analysis_3|2026|secondoapp_tema_b|E1,A3-26-P2B-E1,analysis_3,647.0,568.0,2291.0,7115.0,32206.0,0.0,35144.0,7683.0,27461.0,0.009749740000000002,0.0020717200000000004,0.007678020000000001,290.723699,49.333709
analysis_3|2026|secondoapp_tema_b|E2,A3-26-P2B-E2,analysis_3,706.0,627.0,3620.0,11459.0,39268.0,0.0,43594.0,12086.0,31508.0,0.01210748,0.0032963000000000003,0.00881118,340.930739,78.918852
analysis_3|2026|secondoapp_tema_b|E3,A3-26-P2B-E3,analysis_3,591.0,512.0,1890.0,2749.0,13699.0,0.0,16180.0,3261.0,12919.0,0.004447660000000001,0.0008414,0.003606260000000001,118.839551,19.964085
analysis_3|2026|terzoapp|E1,A3-26-P3-E1,analysis_3,679.0,600.0,3491.0,9102.0,37895.0,0.0,42065.0,9702.0,32363.0,0.011683140000000002,0.0026325600000000004,0.00905058,629.231374,68.659848
analysis_3|2026|terzoapp|E2,A3-26-P3-E2,analysis_3,703.0,624.0,3584.0,15633.0,31977.0,0.0,36264.0,16257.0,20007.0,0.010055500000000002,0.004464600000000001,0.005590900000000001,301.151483,112.606424
analysis_3|2026|terzoapp|E3,A3-26-P3-E3,analysis_3,654.0,575.0,2957.0,4220.0,30994.0,0.0,34605.0,4795.0,29810.0,0.00959784,0.0012621000000000002,0.00833574,242.817097,30.923487
physics_2|2025|primoapp|E1,F2-25-P1-E1,physics_2,882.0,803.0,2446.0,3724.0,15271.0,0.0,18599.0,4527.0,14072.0,0.00508424,0.00115514,0.0039291000000000005,150.968396,26.911885
physics_2|2025|primoapp|E2,F2-25-P1-E2,physics_2,904.0,825.0,1774.0,3860.0,14194.0,0.0,16872.0,4685.0,12187.0,0.004597600000000001,0.0011963000000000002,0.003401300000000001,116.397516,28.77153
physics_2|2025|primoapp|E3,F2-25-P1-E3,physics_2,880.0,801.0,1855.0,1769.0,10323.0,0.0,13058.0,2570.0,10488.0,0.0035330400000000003,0.0006074600000000001,0.00292558,93.865139,14.699503
physics_2|2025|quartoapp|E1,F2-25-P4-E1,physics_2,917.0,838.0,1939.0,5293.0,21025.0,0.0,23881.0,6131.0,17750.0,0.006558300000000001,0.0015993600000000002,0.004958940000000001,201.533822,35.595782
physics_2|2025|quartoapp|E2,F2-25-P4-E2,physics_2,1032.0,953.0,2154.0,3600.0,9240.0,0.0,12426.0,4553.0,7873.0,0.0033348,0.0011414200000000002,0.00219338,103.451261,28.565862
physics_2|2025|quartoapp|E3,F2-25-P4-E3,physics_2,1094.0,1015.0,2430.0,6114.0,26275.0,0.0,29799.0,7129.0,22670.0,0.00819056,0.00185402,0.00633654,243.327548,44.483011
physics_2|2025|quintoapp|E1,F2-25-P5-E1,physics_2,922.0,843.0,2326.0,5333.0,17629.0,0.0,20877.0,6176.0,14701.0,0.00571648,0.0016112600000000002,0.00410522,165.609231,34.306234
physics_2|2025|quintoapp|E2,F2-25-P5-E2,physics_2,840.0,761.0,1926.0,4765.0,12219.0,0.0,14985.0,5526.0,9459.0,0.004078200000000001,0.00144074,0.0026374600000000003,126.327812,37.75054
physics_2|2025|quintoapp|E3,F2-25-P5-E3,physics_2,866.0,787.0,1829.0,2626.0,6942.0,0.0,9637.0,3413.0,6224.0,0.00257712,0.00084546,0.0017316599999999999,73.845141,19.777526
physics_2|2025|secondoapp|E1,F2-25-P2-E1,physics_2,853.0,774.0,1951.0,6371.0,21683.0,0.0,24487.0,7145.0,17342.0,0.006736940000000001,0.0018922400000000001,0.004844700000000001,213.134977,50.831074
physics_2|2025|secondoapp|E2,F2-25-P2-E2,physics_2,1087.0,1008.0,2194.0,3163.0,16010.0,0.0,19291.0,4171.0,15120.0,0.005249300000000001,0.0010267600000000003,0.00422254,168.022086,24.916663
physics_2|2025|secondoapp|E3,F2-25-P2-E3,physics_2,758.0,679.0,1965.0,2854.0,13754.0,0.0,16477.0,3533.0,12944.0,0.004507440000000001,0.0008941800000000002,0.0036132600000000005,98.493092,20.67611
physics_2|2025|terzoapp|E1,F2-25-P3-E1,physics_2,882.0,803.0,2498.0,3564.0,17445.0,0.0,20825.0,4367.0,16458.0,0.005707520000000001,0.00111034,0.004597180000000001,179.328066,24.847531
physics_2|2025|terzoapp|E2,F2-25-P3-E2,physics_2,895.0,816.0,3087.0,6252.0,22854.0,0.0,26836.0,7068.0,19768.0,0.00738878,0.0018648000000000002,0.0055239799999999995,224.841487,47.555414
physics_2|2025|terzoapp|E3,F2-25-P3-E3,physics_2,985.0,906.0,1679.0,8034.0,17047.0,0.0,19711.0,8940.0,10771.0,0.00538118,0.0023763600000000005,0.0030048199999999996,168.193408,63.016947
physics_2|2026|primoapp|E1,F2-26-P1-E1,physics_2,770.0,691.0,1896.0,4621.0,21238.0,0.0,23904.0,5312.0,18592.0,0.00658532,0.0013906200000000002,0.0051947,196.712952,38.939312
physics_2|2026|primoapp|E2,F2-26-P1-E2,physics_2,732.0,653.0,1625.0,2060.0,21713.0,0.0,24070.0,2713.0,21357.0,0.006637120000000001,0.0006682200000000001,0.005968900000000001,206.867514,15.635348
physics_2|2026|primoapp|E3,F2-26-P1-E3,physics_2,793.0,714.0,1463.0,2433.0,10389.0,0.0,12645.0,3147.0,9498.0,0.00342958,0.0007812000000000001,0.00264838,116.592467,22.015987
physics_2|2026|quartoapp|E1,F2-26-P4-E1,physics_2,768.0,689.0,2370.0,5478.0,13531.0,0.0,16669.0,6167.0,10502.0,0.0045598,0.0016303000000000001,0.0029295,138.719369,39.209265
physics_2|2026|quartoapp|E2,F2-26-P4-E2,physics_2,794.0,715.0,1422.0,1906.0,13389.0,0.0,15605.0,2621.0,12984.0,0.004258240000000001,0.00063378,0.003624460000000001,142.239791,18.428808
physics_2|2026|quartoapp|E3,F2-26-P4-E3,physics_2,760.0,681.0,2123.0,2857.0,26369.0,0.0,29252.0,3538.0,25714.0,0.00808416,0.0008953,0.00718886,242.665517,23.03254
physics_2|2026|secondoapp|E1,F2-26-P2-E1,physics_2,803.0,724.0,2067.0,2122.0,9403.0,0.0,12273.0,2846.0,9427.0,0.0033240200000000004,0.00069552,0.0026285000000000006,115.444019,16.059037
physics_2|2026|secondoapp|E2,F2-26-P2-E2,physics_2,783.0,704.0,1804.0,2819.0,23669.0,0.0,26256.0,3523.0,22733.0,0.007242060000000001,0.0008878800000000001,0.006354180000000001,256.303831,24.867867
physics_2|2026|secondoapp|E3,F2-26-P2-E3,physics_2,823.0,744.0,1875.0,9086.0,32979.0,0.0,35677.0,9830.0,25847.0,0.00987434,0.00264824,0.007226100000000001,302.083011,89.632948
physics_2|2026|terzoapp|E1,F2-26-P3-E1,physics_2,771.0,692.0,1757.0,2457.0,11552.0,0.0,14080.0,3149.0,10931.0,0.0038344600000000005,0.0007848400000000001,0.0030496200000000003,117.918612,17.254542
physics_2|2026|terzoapp|E2,F2-26-P3-E2,physics_2,844.0,765.0,2498.0,4509.0,18227.0,0.0,21569.0,5274.0,16295.0,0.005921160000000001,0.0013696200000000002,0.004551540000000001,163.841203,31.74561
physics_2|2026|terzoapp|E3,F2-26-P3-E3,physics_2,774.0,695.0,1382.0,2705.0,5497.0,0.0,7653.0,3400.0,4253.0,0.00203448,0.0008547000000000001,0.0011797799999999998,55.887917,20.625619
